,Name,Link,Instructor,Time Taken,Level
0,Computational Neuroscience,https://coursera.org/learn/computational-neuroscience/home/welcome,University of Washington,26,Beginner
1,Machine Learning Data Lifecycle in Production ,https://coursera.org/learn/machine-learning-data-lifecycle-in-production/home/welcome,DeepLearning.AI,22,Advanced
2,Competitive Strategy,https://coursera.org/learn/competitive-strategy/home/welcome,Ludwig-Maximilians-Universität München (LMU),19,None
3,Introduction to Calculus,https://coursera.org/learn/introduction-to-calculus/home/welcome,The University of Sydney,59,Intermediate
4,Project Initiation: Starting a Successful Project,https://coursera.org/learn/project-initiation-google/home/welcome,Google,22,Beginner
5,"Start the UX Design Process: Empathize, Define, and Ideate",https://coursera.org/learn/start-ux-design-process/home/welcome,Google,28,Beginner
6,Foundations of Project Management,https://coursera.org/learn/project-management-foundations/home/welcome,Google,18,Beginner
7,Classical Sociological Theory ,https://coursera.org/learn/classical-sociological-theory/home/welcome,University of Amsterdam,13,None
8,Foundations of User Experience (UX) Design,https://coursera.org/learn/foundations-user-experience-design/home/welcome,Google,18,Beginner
9,Applied AI with DeepLearning,https://coursera.org/learn/ai/home/welcome,IBM Skills Network,25,Advanced
10,Understanding Research Methods,https://coursera.org/learn/research-methods/home/welcome,None,6,None
11,Fundamentals of Music Theory,https://coursera.org/learn/edinburgh-music-theory/home/welcome,The University of Edinburgh,12,Beginner
12,Introduction to Mathematical Thinking,https://coursera.org/learn/mathematical-thinking/home/welcome,Stanford University,39,Intermediate
13,Continuous Integration,https://coursera.org/learn/continuous-integration/home/welcome,"University of California, Davis",16,Intermediate
14,"Recruiting, Hiring, and Onboarding Employees",https://coursera.org/learn/recruiting-hiring-onboarding-employees/home/welcome,University of Minnesota,20,None
15,AI For Everyone,https://coursera.org/learn/ai-for-everyone/home/welcome,DeepLearning.AI,12,Beginner
16,"Modern Robotics, Course 1:  Foundations of Robot Motion",https://coursera.org/learn/modernrobotics-course1/home/welcome,Northwestern University,24,Intermediate
17,Financial Accounting Fundamentals,https://coursera.org/learn/uva-darden-financial-accounting/home/welcome,University of Virginia,14,Beginner
18,Science of Exercise,https://coursera.org/learn/science-exercise/home/welcome,University of Colorado Boulder,10,Beginner
19,Types of Conflict,https://coursera.org/learn/types-of-conflict/home/welcome,"University of California, Irvine",5,None
20,Design Patterns,https://coursera.org/learn/design-patterns/home/welcome,University of Alberta,15,Intermediate
21,Introduction to Software Testing,https://coursera.org/learn/introduction-software-testing/home/welcome,University of Minnesota,30,Intermediate
22,"Algorithms, Part I",https://coursera.org/learn/algorithms-part1/home/welcome,Princeton University,54,Intermediate
23,Practical Reinforcement Learning,https://coursera.org/learn/practical-rl/home/welcome,HSE University,26,Advanced
24, IT Security: Defense against the digital dark arts ,https://coursera.org/learn/it-security/home/welcome,Google,24,Beginner
25,Operating Systems and You: Becoming a Power User,https://coursera.org/learn/os-power-user/home/welcome,Google,31,Beginner
26,Modern Art & Ideas,https://coursera.org/learn/modern-art-ideas/home/welcome,The Museum of Modern Art,14,Beginner
27,Algorithmic Toolbox,https://coursera.org/learn/algorithmic-toolbox/home/welcome,University of California San Diego,40,Intermediate
28,Software Design Methods and Tools,https://coursera.org/learn/software-design-methods-tools/home/welcome,University of Colorado System,14,Intermediate
29,Positive Psychology: Resilience Skills,https://coursera.org/learn/positive-psychology-resilience/home/welcome,University of Pennsylvania,16,Beginner
30,Version Control with Git,https://coursera.org/learn/version-control-with-git/home/welcome,Atlassian,13,None
31,"Python Project: pillow, tesseract, and opencv",https://coursera.org/learn/python-project/home/welcome,University of Michigan,20,Intermediate
32,Fundamentals of Scalable Data Science,https://coursera.org/learn/ds/home/welcome,IBM Skills Network,22,Beginner
33,Cybersecurity and Mobility,https://coursera.org/learn/cybersecurity-mobility/home/welcome,University System of Georgia,14,Beginner
34,Cybersecurity and the X-Factor,https://coursera.org/learn/cybersecurity-and-x-factor/home/welcome,University System of Georgia,12,Beginner
35,Essentials of Entrepreneurship: Thinking & Action,https://coursera.org/learn/entrepreneurial-thinking/home/welcome,"University of California, Irvine",5,None
36,How to Write and Publish a Scientific Paper (Project-Centered Course),https://coursera.org/learn/how-to-write-a-scientific-paper/home/welcome,École Polytechnique,13,None
37,Successful Negotiation: Essential Strategies and Skills,https://coursera.org/learn/negotiation-skills/home/welcome,University of Michigan,17,None
38,Python Data Structures,https://coursera.org/learn/python-data/home/welcome,University of Michigan,19,None
39,Build Your First Android App (Project-Centered Course),https://coursera.org/learn/android-app/home/welcome,CentraleSupélec,22,None
40,Programming for Everybody (Getting Started with Python),https://coursera.org/learn/python/home/welcome,University of Michigan,19,None
